"categoria","nivel","id","palavra","imagem","imagemExiste","imagemTipo","som","somExiste","audioFallback"
"animais","1","vaca","Vaca","assets/imagens/animais/n1_vaca.png","True","real/custom","assets/sons/animais/n1_vaca.mp3","True","animal:muuu"
"animais","1","gato","Gato","assets/imagens/animais/n1_gato.png","True","placeholder","assets/sons/animais/n1_gato.mp3","True","animal:miau"
"animais","1","pato","Pato","assets/imagens/animais/n1_pato.png","True","placeholder","assets/sons/animais/n1_pato.mp3","True","animal:quack quack"
"animais","1","sapo","Sapo","assets/imagens/animais/n1_sapo.png","True","placeholder","assets/sons/animais/n1_sapo.mp3","True","animal:coax coax"
"animais","1","boi","Boi","assets/imagens/animais/n1_boi.png","True","placeholder","assets/sons/animais/n1_boi.mp3","True","animal:muuu"
"animais","1","rato","Rato","assets/imagens/animais/n1_rato.png","True","placeholder","assets/sons/animais/n1_rato.mp3","False","animal:iii iii"
"animais","1","peixe","Peixe","assets/imagens/animais/n1_peixe.png","True","placeholder","assets/sons/animais/n1_peixe.mp3","False","tts:Peixe"
"animais","1","cobra","Cobra","assets/imagens/animais/n1_cobra.png","True","placeholder","assets/sons/animais/n1_cobra.mp3","True","animal:ssss"
"animais","1","pinto","Pinto","assets/imagens/animais/n1_pinto.png","True","placeholder","assets/sons/animais/n1_pinto.mp3","True","animal:piu piu"
"animais","1","foca","Foca","assets/imagens/animais/n1_foca.png","True","placeholder","assets/sons/animais/n1_foca.mp3","False","animal:arf arf"
"animais","1","urso","Urso","assets/imagens/animais/n1_urso.png","True","placeholder","assets/sons/animais/n1_urso.mp3","False","animal:grrr"
"animais","1","bode","Bode","assets/imagens/animais/n1_bode.png","True","placeholder","assets/sons/animais/n1_bode.mp3","True","animal:beee"
"animais","2","cavalo","Cavalo","assets/imagens/animais/n2_cavalo.png","True","placeholder","assets/sons/animais/n2_cavalo.mp3","True","animal:iirrr"
"animais","2","galinha","Galinha","assets/imagens/animais/n2_galinha.png","True","placeholder","assets/sons/animais/n2_galinha.mp3","True","animal:cocorico"
"animais","2","macaco","Macaco","assets/imagens/animais/n2_macaco.png","True","placeholder","assets/sons/animais/n2_macaco.mp3","True","animal:u u a a"
"animais","2","coelho","Coelho","assets/imagens/animais/n2_coelho.png","True","placeholder","assets/sons/animais/n2_coelho.mp3","False","tts:Coelho"
"animais","2","ovelha","Ovelha","assets/imagens/animais/n2_ovelha.png","True","placeholder","assets/sons/animais/n2_ovelha.mp3","True","animal:meee"
"animais","2","tartaruga","Tartaruga","assets/imagens/animais/n2_tartaruga.png","True","placeholder","assets/sons/animais/n2_tartaruga.mp3","False","tts:Tartaruga"
"animais","2","cachorro","Cachorro","assets/imagens/animais/n2_cachorro.png","True","placeholder","assets/sons/animais/n2_cachorro.mp3","True","animal:au au"
"animais","2","porco","Porco","assets/imagens/animais/n2_porco.png","True","placeholder","assets/sons/animais/n2_porco.mp3","True","animal:oinc oinc"
"animais","2","pintinho","Pintinho","assets/imagens/animais/n2_pintinho.png","True","placeholder","assets/sons/animais/n2_pintinho.mp3","True","animal:piu piu"
"animais","2","abelha","Abelha","assets/imagens/animais/n2_abelha.png","True","placeholder","assets/sons/animais/n2_abelha.mp3","True","animal:zzzz"
"animais","2","girafa","Girafa","assets/imagens/animais/n2_girafa.png","True","placeholder","assets/sons/animais/n2_girafa.mp3","False","tts:Girafa"
"animais","2","camelo","Camelo","assets/imagens/animais/n2_camelo.png","True","placeholder","assets/sons/animais/n2_camelo.mp3","False","tts:Camelo"
"animais","3","elefante","Elefante","assets/imagens/animais/n3_elefante.png","True","placeholder","assets/sons/animais/n3_elefante.mp3","True","animal:pruuu"
"animais","3","borboleta","Borboleta","assets/imagens/animais/n3_borboleta.png","True","placeholder","assets/sons/animais/n3_borboleta.mp3","False","tts:Borboleta"
"animais","3","crocodilo","Crocodilo","assets/imagens/animais/n3_crocodilo.png","True","placeholder","assets/sons/animais/n3_crocodilo.mp3","False","tts:Crocodilo"
"animais","3","passarinho","Passarinho","assets/imagens/animais/n3_passarinho.png","True","placeholder","assets/sons/animais/n3_passarinho.mp3","True","animal:piu piu"
"animais","3","tucano","Tucano","assets/imagens/animais/n3_tucano.png","True","placeholder","assets/sons/animais/n3_tucano.mp3","False","tts:Tucano"
"animais","3","joaninha","Joaninha","assets/imagens/animais/n3_joaninha.png","True","placeholder","assets/sons/animais/n3_joaninha.mp3","False","tts:Joaninha"
"animais","3","caranguejo","Caranguejo","assets/imagens/animais/n3_caranguejo.png","True","placeholder","assets/sons/animais/n3_caranguejo.mp3","False","tts:Caranguejo"
"animais","3","hipopotamo","Hipopotamo","assets/imagens/animais/n3_hipopotamo.png","True","placeholder","assets/sons/animais/n3_hipopotamo.mp3","False","tts:Hipopotamo"
"animais","3","lagartixa","Lagartixa","assets/imagens/animais/n3_lagartixa.png","True","placeholder","assets/sons/animais/n3_lagartixa.mp3","False","tts:Lagartixa"
"animais","3","dinossauro","Dinossauro","assets/imagens/animais/n3_dinossauro.png","True","placeholder","assets/sons/animais/n3_dinossauro.mp3","True","animal:grrr"
"animais","4","gato","Gato","assets/imagens/animais/n4_gato.png","True","placeholder","assets/sons/animais/n4_gato.mp3","True","animal:miau"
"animais","4","vaca","Vaca","assets/imagens/animais/n4_vaca.png","True","real/custom","assets/sons/animais/n4_vaca.mp3","True","animal:muuu"
"animais","4","cavalo","Cavalo","assets/imagens/animais/n4_cavalo.png","True","placeholder","assets/sons/animais/n4_cavalo.mp3","True","animal:iirrr"
"animais","4","galinha","Galinha","assets/imagens/animais/n4_galinha.png","True","placeholder","assets/sons/animais/n4_galinha.mp3","True","animal:cocorico"
"animais","4","elefante","Elefante","assets/imagens/animais/n4_elefante.png","True","placeholder","assets/sons/animais/n4_elefante.mp3","True","animal:pruuu"
"animais","4","amarelo","Amarelo","assets/imagens/animais/n4_amarelo.png","True","placeholder","assets/sons/animais/n4_amarelo.mp3","True","animal:quack quack"
"animais","4","verde","Verde","assets/imagens/animais/n4_verde.png","True","placeholder","assets/sons/animais/n4_verde.mp3","True","animal:coax coax"
"animais","4","azul","Azul","assets/imagens/animais/n4_azul.png","True","placeholder","assets/sons/animais/n4_azul.mp3","False","tts:a borboleta azul"
"animais","4","grande","Grande","assets/imagens/animais/n4_grande.png","True","placeholder","assets/sons/animais/n4_grande.mp3","True","animal:au au"
"animais","4","pequeno","Pequeno","assets/imagens/animais/n4_pequeno.png","True","placeholder","assets/sons/animais/n4_pequeno.mp3","True","animal:piu piu"
"alimentos","1","leite","Leite","assets/imagens/alimentos/n1_leite.png","True","placeholder","assets/sons/alimentos/n1_leite.mp3","False","tts:Leite"
"alimentos","1","arroz","Arroz","assets/imagens/alimentos/n1_arroz.png","True","placeholder","assets/sons/alimentos/n1_arroz.mp3","False","tts:Arroz"
"alimentos","1","ovo","Ovo","assets/imagens/alimentos/n1_ovo.png","True","placeholder","assets/sons/alimentos/n1_ovo.mp3","False","tts:Ovo"
"alimentos","1","bolo","Bolo","assets/imagens/alimentos/n1_bolo.png","True","placeholder","assets/sons/alimentos/n1_bolo.mp3","False","tts:Bolo"
"alimentos","1","sopa","Sopa","assets/imagens/alimentos/n1_sopa.png","True","placeholder","assets/sons/alimentos/n1_sopa.mp3","False","tts:Sopa"
"alimentos","1","suco","Suco","assets/imagens/alimentos/n1_suco.png","True","placeholder","assets/sons/alimentos/n1_suco.mp3","False","tts:Suco"
"alimentos","1","cafe","Cafe","assets/imagens/alimentos/n1_cafe.png","True","placeholder","assets/sons/alimentos/n1_cafe.mp3","False","tts:Cafe"
"alimentos","1","uva","Uva","assets/imagens/alimentos/n1_uva.png","True","placeholder","assets/sons/alimentos/n1_uva.mp3","False","tts:Uva"
"alimentos","1","bife","Bife","assets/imagens/alimentos/n1_bife.png","True","placeholder","assets/sons/alimentos/n1_bife.mp3","False","tts:Bife"
"alimentos","1","queijo","Queijo","assets/imagens/alimentos/n1_queijo.png","True","placeholder","assets/sons/alimentos/n1_queijo.mp3","False","tts:Queijo"
"alimentos","1","pera","Pera","assets/imagens/alimentos/n1_pera.png","True","placeholder","assets/sons/alimentos/n1_pera.mp3","False","tts:Pera"
"alimentos","1","doce","Doce","assets/imagens/alimentos/n1_doce.png","True","placeholder","assets/sons/alimentos/n1_doce.mp3","False","tts:Doce"
"alimentos","2","banana","Banana","assets/imagens/alimentos/n2_banana.png","True","placeholder","assets/sons/alimentos/n2_banana.mp3","False","tts:Banana"
"alimentos","2","frango","Frango","assets/imagens/alimentos/n2_frango.png","True","placeholder","assets/sons/alimentos/n2_frango.mp3","False","tts:Frango"
"alimentos","2","sorvete","Sorvete","assets/imagens/alimentos/n2_sorvete.png","True","placeholder","assets/sons/alimentos/n2_sorvete.mp3","False","tts:Sorvete"
"alimentos","2","cenoura","Cenoura","assets/imagens/alimentos/n2_cenoura.png","True","placeholder","assets/sons/alimentos/n2_cenoura.mp3","False","tts:Cenoura"
"alimentos","2","pipoca","Pipoca","assets/imagens/alimentos/n2_pipoca.png","True","placeholder","assets/sons/alimentos/n2_pipoca.mp3","False","tts:Pipoca"
"alimentos","2","biscoito","Biscoito","assets/imagens/alimentos/n2_biscoito.png","True","placeholder","assets/sons/alimentos/n2_biscoito.mp3","False","tts:Biscoito"
"alimentos","2","iogurte","Iogurte","assets/imagens/alimentos/n2_iogurte.png","True","placeholder","assets/sons/alimentos/n2_iogurte.mp3","False","tts:Iogurte"
"alimentos","2","presunto","Presunto","assets/imagens/alimentos/n2_presunto.png","True","placeholder","assets/sons/alimentos/n2_presunto.mp3","False","tts:Presunto"
"alimentos","2","lasanha","Lasanha","assets/imagens/alimentos/n2_lasanha.png","True","placeholder","assets/sons/alimentos/n2_lasanha.mp3","False","tts:Lasanha"
"alimentos","2","panqueca","Panqueca","assets/imagens/alimentos/n2_panqueca.png","True","placeholder","assets/sons/alimentos/n2_panqueca.mp3","False","tts:Panqueca"
"alimentos","2","farofa","Farofa","assets/imagens/alimentos/n2_farofa.png","True","placeholder","assets/sons/alimentos/n2_farofa.mp3","False","tts:Farofa"
"alimentos","2","sanduiche","Sanduiche","assets/imagens/alimentos/n2_sanduiche.png","True","placeholder","assets/sons/alimentos/n2_sanduiche.mp3","False","tts:Sanduiche"
"alimentos","3","chocolate","Chocolate","assets/imagens/alimentos/n3_chocolate.png","True","placeholder","assets/sons/alimentos/n3_chocolate.mp3","False","tts:Chocolate"
"alimentos","3","macarrao","Macarrao","assets/imagens/alimentos/n3_macarrao.png","True","placeholder","assets/sons/alimentos/n3_macarrao.mp3","False","tts:Macarrao"
"alimentos","3","gelatina","Gelatina","assets/imagens/alimentos/n3_gelatina.png","True","placeholder","assets/sons/alimentos/n3_gelatina.mp3","False","tts:Gelatina"
"alimentos","3","torresmo","Torresmo","assets/imagens/alimentos/n3_torresmo.png","True","placeholder","assets/sons/alimentos/n3_torresmo.mp3","False","tts:Torresmo"
"alimentos","3","brigadeiro","Brigadeiro","assets/imagens/alimentos/n3_brigadeiro.png","True","placeholder","assets/sons/alimentos/n3_brigadeiro.mp3","False","tts:Brigadeiro"
"alimentos","3","cocada","Cocada","assets/imagens/alimentos/n3_cocada.png","True","placeholder","assets/sons/alimentos/n3_cocada.mp3","False","tts:Cocada"
"alimentos","3","canjica","Canjica","assets/imagens/alimentos/n3_canjica.png","True","placeholder","assets/sons/alimentos/n3_canjica.mp3","False","tts:Canjica"
"alimentos","3","pamonha","Pamonha","assets/imagens/alimentos/n3_pamonha.png","True","placeholder","assets/sons/alimentos/n3_pamonha.mp3","False","tts:Pamonha"
"alimentos","3","pudim","Pudim","assets/imagens/alimentos/n3_pudim.png","True","placeholder","assets/sons/alimentos/n3_pudim.mp3","False","tts:Pudim"
"alimentos","3","goiabada","Goiabada","assets/imagens/alimentos/n3_goiabada.png","True","placeholder","assets/sons/alimentos/n3_goiabada.mp3","False","tts:Goiabada"
"alimentos","4","leite","Leite","assets/imagens/alimentos/n4_leite.png","True","placeholder","assets/sons/alimentos/n4_leite.mp3","False","tts:o leite"
"alimentos","4","banana","Banana","assets/imagens/alimentos/n4_banana.png","True","placeholder","assets/sons/alimentos/n4_banana.mp3","False","tts:a banana"
"alimentos","4","bolo","Bolo","assets/imagens/alimentos/n4_bolo.png","True","placeholder","assets/sons/alimentos/n4_bolo.mp3","False","tts:o bolo"
"alimentos","4","sopa","Sopa","assets/imagens/alimentos/n4_sopa.png","True","placeholder","assets/sons/alimentos/n4_sopa.mp3","False","tts:a sopa"
"alimentos","4","sorvete","Sorvete","assets/imagens/alimentos/n4_sorvete.png","True","placeholder","assets/sons/alimentos/n4_sorvete.mp3","False","tts:o sorvete"
"alimentos","4","fruta","Fruta","assets/imagens/alimentos/n4_fruta.png","True","placeholder","assets/sons/alimentos/n4_fruta.mp3","False","tts:a fruta"
"alimentos","4","gelado","Gelado","assets/imagens/alimentos/n4_gelado.png","True","placeholder","assets/sons/alimentos/n4_gelado.mp3","False","tts:o suco gelado"
"alimentos","4","pipoca","Pipoca","assets/imagens/alimentos/n4_pipoca.png","True","placeholder","assets/sons/alimentos/n4_pipoca.mp3","False","tts:a pipoca"
"alimentos","4","sanduiche","Sanduiche","assets/imagens/alimentos/n4_sanduiche.png","True","placeholder","assets/sons/alimentos/n4_sanduiche.mp3","False","tts:o sanduiche"
"alimentos","4","cenoura","Cenoura","assets/imagens/alimentos/n4_cenoura.png","True","placeholder","assets/sons/alimentos/n4_cenoura.mp3","False","tts:a cenoura"
"casa-objetos","1","cama","Cama","assets/imagens/casa-objetos/n1_cama.png","True","placeholder","assets/sons/casa-objetos/n1_cama.mp3","False","tts:Cama"
"casa-objetos","1","mesa","Mesa","assets/imagens/casa-objetos/n1_mesa.png","True","placeholder","assets/sons/casa-objetos/n1_mesa.mp3","False","tts:Mesa"
"casa-objetos","1","porta","Porta","assets/imagens/casa-objetos/n1_porta.png","True","placeholder","assets/sons/casa-objetos/n1_porta.mp3","False","tts:Porta"
"casa-objetos","1","sofa","Sofa","assets/imagens/casa-objetos/n1_sofa.png","True","placeholder","assets/sons/casa-objetos/n1_sofa.mp3","False","tts:Sofa"
"casa-objetos","1","livro","Livro","assets/imagens/casa-objetos/n1_livro.png","True","placeholder","assets/sons/casa-objetos/n1_livro.mp3","False","tts:Livro"
"casa-objetos","1","lapis","Lapis","assets/imagens/casa-objetos/n1_lapis.png","True","placeholder","assets/sons/casa-objetos/n1_lapis.mp3","False","tts:Lapis"
"casa-objetos","1","chave","Chave","assets/imagens/casa-objetos/n1_chave.png","True","placeholder","assets/sons/casa-objetos/n1_chave.mp3","False","tts:Chave"
"casa-objetos","1","copo","Copo","assets/imagens/casa-objetos/n1_copo.png","True","placeholder","assets/sons/casa-objetos/n1_copo.mp3","False","tts:Copo"
"casa-objetos","1","prato","Prato","assets/imagens/casa-objetos/n1_prato.png","True","placeholder","assets/sons/casa-objetos/n1_prato.mp3","False","tts:Prato"
"casa-objetos","1","sino","Sino","assets/imagens/casa-objetos/n1_sino.png","True","placeholder","assets/sons/casa-objetos/n1_sino.mp3","False","tts:Sino"
"casa-objetos","1","jarro","Jarro","assets/imagens/casa-objetos/n1_jarro.png","True","placeholder","assets/sons/casa-objetos/n1_jarro.mp3","False","tts:Jarro"
"casa-objetos","1","vela","Vela","assets/imagens/casa-objetos/n1_vela.png","True","placeholder","assets/sons/casa-objetos/n1_vela.mp3","False","tts:Vela"
"casa-objetos","2","cadeira","Cadeira","assets/imagens/casa-objetos/n2_cadeira.png","True","placeholder","assets/sons/casa-objetos/n2_cadeira.mp3","False","tts:Cadeira"
"casa-objetos","2","janela","Janela","assets/imagens/casa-objetos/n2_janela.png","True","placeholder","assets/sons/casa-objetos/n2_janela.mp3","False","tts:Janela"
"casa-objetos","2","fogao","Fogao","assets/imagens/casa-objetos/n2_fogao.png","True","placeholder","assets/sons/casa-objetos/n2_fogao.mp3","False","tts:Fogao"
"casa-objetos","2","relogio","Relogio","assets/imagens/casa-objetos/n2_relogio.png","True","placeholder","assets/sons/casa-objetos/n2_relogio.mp3","False","tts:Relogio"
"casa-objetos","2","lampada","Lampada","assets/imagens/casa-objetos/n2_lampada.png","True","placeholder","assets/sons/casa-objetos/n2_lampada.mp3","False","tts:Lampada"
"casa-objetos","2","telefone","Telefone","assets/imagens/casa-objetos/n2_telefone.png","True","placeholder","assets/sons/casa-objetos/n2_telefone.mp3","False","tts:Telefone"
"casa-objetos","2","tesoura","Tesoura","assets/imagens/casa-objetos/n2_tesoura.png","True","placeholder","assets/sons/casa-objetos/n2_tesoura.mp3","False","tts:Tesoura"
"casa-objetos","2","cobertor","Cobertor","assets/imagens/casa-objetos/n2_cobertor.png","True","placeholder","assets/sons/casa-objetos/n2_cobertor.mp3","False","tts:Cobertor"
"casa-objetos","2","panela","Panela","assets/imagens/casa-objetos/n2_panela.png","True","placeholder","assets/sons/casa-objetos/n2_panela.mp3","False","tts:Panela"
"casa-objetos","2","colher","Colher","assets/imagens/casa-objetos/n2_colher.png","True","placeholder","assets/sons/casa-objetos/n2_colher.mp3","False","tts:Colher"
"casa-objetos","2","lencol","Lencol","assets/imagens/casa-objetos/n2_lencol.png","True","placeholder","assets/sons/casa-objetos/n2_lencol.mp3","False","tts:Lencol"
"casa-objetos","2","travesseiro","Travesseiro","assets/imagens/casa-objetos/n2_travesseiro.png","True","placeholder","assets/sons/casa-objetos/n2_travesseiro.mp3","False","tts:Travesseiro"
"casa-objetos","3","geladeira","Geladeira","assets/imagens/casa-objetos/n3_geladeira.png","True","placeholder","assets/sons/casa-objetos/n3_geladeira.mp3","False","tts:Geladeira"
"casa-objetos","3","televisao","Televisao","assets/imagens/casa-objetos/n3_televisao.png","True","placeholder","assets/sons/casa-objetos/n3_televisao.mp3","False","tts:Televisao"
"casa-objetos","3","chuveiro","Chuveiro","assets/imagens/casa-objetos/n3_chuveiro.png","True","placeholder","assets/sons/casa-objetos/n3_chuveiro.mp3","False","tts:Chuveiro"
"casa-objetos","3","computador","Computador","assets/imagens/casa-objetos/n3_computador.png","True","placeholder","assets/sons/casa-objetos/n3_computador.mp3","False","tts:Computador"
"casa-objetos","3","ventilador","Ventilador","assets/imagens/casa-objetos/n3_ventilador.png","True","placeholder","assets/sons/casa-objetos/n3_ventilador.mp3","False","tts:Ventilador"
"casa-objetos","3","aspirador","Aspirador","assets/imagens/casa-objetos/n3_aspirador.png","True","placeholder","assets/sons/casa-objetos/n3_aspirador.mp3","False","tts:Aspirador"
"casa-objetos","3","liquidificador","Liquidificador","assets/imagens/casa-objetos/n3_liquidificador.png","True","placeholder","assets/sons/casa-objetos/n3_liquidificador.mp3","False","tts:Liquidificador"
"casa-objetos","3","cafeteira","Cafeteira","assets/imagens/casa-objetos/n3_cafeteira.png","True","placeholder","assets/sons/casa-objetos/n3_cafeteira.mp3","False","tts:Cafeteira"
"casa-objetos","3","espremedor","Espremedor","assets/imagens/casa-objetos/n3_espremedor.png","True","placeholder","assets/sons/casa-objetos/n3_espremedor.mp3","False","tts:Espremedor"
"casa-objetos","3","micro-ondas","Micro-ondas","assets/imagens/casa-objetos/n3_micro-ondas.png","True","placeholder","assets/sons/casa-objetos/n3_micro-ondas.mp3","False","tts:Micro-ondas"
"casa-objetos","4","mesa","Mesa","assets/imagens/casa-objetos/n4_mesa.png","True","placeholder","assets/sons/casa-objetos/n4_mesa.mp3","False","tts:a mesa"
"casa-objetos","4","cama","Cama","assets/imagens/casa-objetos/n4_cama.png","True","placeholder","assets/sons/casa-objetos/n4_cama.mp3","False","tts:a cama"
"casa-objetos","4","porta","Porta","assets/imagens/casa-objetos/n4_porta.png","True","placeholder","assets/sons/casa-objetos/n4_porta.mp3","False","tts:a porta"
"casa-objetos","4","cadeira","Cadeira","assets/imagens/casa-objetos/n4_cadeira.png","True","placeholder","assets/sons/casa-objetos/n4_cadeira.mp3","False","tts:a cadeira"
"casa-objetos","4","sofa","Sofa","assets/imagens/casa-objetos/n4_sofa.png","True","placeholder","assets/sons/casa-objetos/n4_sofa.mp3","False","tts:o sofa"
"casa-objetos","4","janela","Janela","assets/imagens/casa-objetos/n4_janela.png","True","placeholder","assets/sons/casa-objetos/n4_janela.mp3","False","tts:a janela"
"casa-objetos","4","livro","Livro","assets/imagens/casa-objetos/n4_livro.png","True","placeholder","assets/sons/casa-objetos/n4_livro.mp3","False","tts:o livro"
"casa-objetos","4","telefone","Telefone","assets/imagens/casa-objetos/n4_telefone.png","True","placeholder","assets/sons/casa-objetos/n4_telefone.mp3","False","tts:o telefone"
"casa-objetos","4","lampada","Lampada","assets/imagens/casa-objetos/n4_lampada.png","True","placeholder","assets/sons/casa-objetos/n4_lampada.mp3","False","tts:a lampada"
"casa-objetos","4","televisao","Televisao","assets/imagens/casa-objetos/n4_televisao.png","True","placeholder","assets/sons/casa-objetos/n4_televisao.mp3","False","tts:a televisao"
"veiculos","1","carro","Carro","assets/imagens/veiculos/n1_carro.png","True","placeholder","assets/sons/veiculos/n1_carro.mp3","False","tts:Carro"
"veiculos","1","moto","Moto","assets/imagens/veiculos/n1_moto.png","True","placeholder","assets/sons/veiculos/n1_moto.mp3","False","tts:Moto"
"veiculos","1","trem","Trem","assets/imagens/veiculos/n1_trem.png","True","placeholder","assets/sons/veiculos/n1_trem.mp3","False","tts:Trem"
"veiculos","1","barco","Barco","assets/imagens/veiculos/n1_barco.png","True","placeholder","assets/sons/veiculos/n1_barco.mp3","False","tts:Barco"
"veiculos","1","van","Van","assets/imagens/veiculos/n1_van.png","True","placeholder","assets/sons/veiculos/n1_van.mp3","False","tts:Van"
"veiculos","1","taxi","Taxi","assets/imagens/veiculos/n1_taxi.png","True","placeholder","assets/sons/veiculos/n1_taxi.mp3","False","tts:Taxi"
"veiculos","1","jato","Jato","assets/imagens/veiculos/n1_jato.png","True","placeholder","assets/sons/veiculos/n1_jato.mp3","False","tts:Jato"
"veiculos","1","nave","Nave","assets/imagens/veiculos/n1_nave.png","True","placeholder","assets/sons/veiculos/n1_nave.mp3","False","tts:Nave"
"veiculos","1","metro","Metro","assets/imagens/veiculos/n1_metro.png","True","placeholder","assets/sons/veiculos/n1_metro.mp3","False","tts:Metro"
"veiculos","1","trator","Trator","assets/imagens/veiculos/n1_trator.png","True","placeholder","assets/sons/veiculos/n1_trator.mp3","False","tts:Trator"
"veiculos","1","bonde","Bonde","assets/imagens/veiculos/n1_bonde.png","True","placeholder","assets/sons/veiculos/n1_bonde.mp3","False","tts:Bonde"
"veiculos","1","fusca","Fusca","assets/imagens/veiculos/n1_fusca.png","True","placeholder","assets/sons/veiculos/n1_fusca.mp3","False","tts:Fusca"
"veiculos","2","bicicleta","Bicicleta","assets/imagens/veiculos/n2_bicicleta.png","True","placeholder","assets/sons/veiculos/n2_bicicleta.mp3","False","tts:Bicicleta"
"veiculos","2","patinete","Patinete","assets/imagens/veiculos/n2_patinete.png","True","placeholder","assets/sons/veiculos/n2_patinete.mp3","False","tts:Patinete"
"veiculos","2","caminhao","Caminhao","assets/imagens/veiculos/n2_caminhao.png","True","placeholder","assets/sons/veiculos/n2_caminhao.mp3","False","tts:Caminhao"
"veiculos","2","furgao","Furgao","assets/imagens/veiculos/n2_furgao.png","True","placeholder","assets/sons/veiculos/n2_furgao.mp3","False","tts:Furgao"
"veiculos","2","skate","Skate","assets/imagens/veiculos/n2_skate.png","True","placeholder","assets/sons/veiculos/n2_skate.mp3","False","tts:Skate"
"veiculos","2","velotrol","Velotrol","assets/imagens/veiculos/n2_velotrol.png","True","placeholder","assets/sons/veiculos/n2_velotrol.mp3","False","tts:Velotrol"
"veiculos","2","charrete","Charrete","assets/imagens/veiculos/n2_charrete.png","True","placeholder","assets/sons/veiculos/n2_charrete.mp3","False","tts:Charrete"
"veiculos","2","jangada","Jangada","assets/imagens/veiculos/n2_jangada.png","True","placeholder","assets/sons/veiculos/n2_jangada.mp3","False","tts:Jangada"
"veiculos","2","canoa","Canoa","assets/imagens/veiculos/n2_canoa.png","True","placeholder","assets/sons/veiculos/n2_canoa.mp3","False","tts:Canoa"
"veiculos","2","teleferico","Teleferico","assets/imagens/veiculos/n2_teleferico.png","True","placeholder","assets/sons/veiculos/n2_teleferico.mp3","False","tts:Teleferico"
"veiculos","2","jetski","Jetski","assets/imagens/veiculos/n2_jetski.png","True","placeholder","assets/sons/veiculos/n2_jetski.mp3","False","tts:Jetski"
"veiculos","2","kart","Kart","assets/imagens/veiculos/n2_kart.png","True","placeholder","assets/sons/veiculos/n2_kart.mp3","False","tts:Kart"
"veiculos","3","helicoptero","Helicoptero","assets/imagens/veiculos/n3_helicoptero.png","True","placeholder","assets/sons/veiculos/n3_helicoptero.mp3","False","tts:Helicoptero"
"veiculos","3","ambulancia","Ambulancia","assets/imagens/veiculos/n3_ambulancia.png","True","placeholder","assets/sons/veiculos/n3_ambulancia.mp3","False","tts:Ambulancia"
"veiculos","3","escavadeira","Escavadeira","assets/imagens/veiculos/n3_escavadeira.png","True","placeholder","assets/sons/veiculos/n3_escavadeira.mp3","False","tts:Escavadeira"
"veiculos","3","guindaste","Guindaste","assets/imagens/veiculos/n3_guindaste.png","True","placeholder","assets/sons/veiculos/n3_guindaste.mp3","False","tts:Guindaste"
"veiculos","3","carreta","Carreta","assets/imagens/veiculos/n3_carreta.png","True","placeholder","assets/sons/veiculos/n3_carreta.mp3","False","tts:Carreta"
"veiculos","3","caminhonete","Caminhonete","assets/imagens/veiculos/n3_caminhonete.png","True","placeholder","assets/sons/veiculos/n3_caminhonete.mp3","False","tts:Caminhonete"
"veiculos","3","motocicleta","Motocicleta","assets/imagens/veiculos/n3_motocicleta.png","True","placeholder","assets/sons/veiculos/n3_motocicleta.mp3","False","tts:Motocicleta"
"veiculos","3","submarino","Submarino","assets/imagens/veiculos/n3_submarino.png","True","placeholder","assets/sons/veiculos/n3_submarino.mp3","False","tts:Submarino"
"veiculos","3","aeronave","Aeronave","assets/imagens/veiculos/n3_aeronave.png","True","placeholder","assets/sons/veiculos/n3_aeronave.mp3","False","tts:Aeronave"
"veiculos","3","foguete","Foguete","assets/imagens/veiculos/n3_foguete.png","True","placeholder","assets/sons/veiculos/n3_foguete.mp3","False","tts:Foguete"
"veiculos","4","carro","Carro","assets/imagens/veiculos/n4_carro.png","True","placeholder","assets/sons/veiculos/n4_carro.mp3","False","tts:o carro"
"veiculos","4","moto","Moto","assets/imagens/veiculos/n4_moto.png","True","placeholder","assets/sons/veiculos/n4_moto.mp3","False","tts:a moto"
"veiculos","4","trem","Trem","assets/imagens/veiculos/n4_trem.png","True","placeholder","assets/sons/veiculos/n4_trem.mp3","False","tts:o trem"
"veiculos","4","barco","Barco","assets/imagens/veiculos/n4_barco.png","True","placeholder","assets/sons/veiculos/n4_barco.mp3","False","tts:o barco"
"veiculos","4","bicicleta","Bicicleta","assets/imagens/veiculos/n4_bicicleta.png","True","placeholder","assets/sons/veiculos/n4_bicicleta.mp3","False","tts:a bicicleta"
"veiculos","4","caminhao","Caminhao","assets/imagens/veiculos/n4_caminhao.png","True","placeholder","assets/sons/veiculos/n4_caminhao.mp3","False","tts:o caminhao"
"veiculos","4","ambulancia","Ambulancia","assets/imagens/veiculos/n4_ambulancia.png","True","placeholder","assets/sons/veiculos/n4_ambulancia.mp3","False","tts:a ambulancia"
"veiculos","4","helicoptero","Helicoptero","assets/imagens/veiculos/n4_helicoptero.png","True","placeholder","assets/sons/veiculos/n4_helicoptero.mp3","False","tts:o helicoptero"
"veiculos","4","trator","Trator","assets/imagens/veiculos/n4_trator.png","True","placeholder","assets/sons/veiculos/n4_trator.mp3","False","tts:o trator"
"veiculos","4","foguete","Foguete","assets/imagens/veiculos/n4_foguete.png","True","placeholder","assets/sons/veiculos/n4_foguete.mp3","False","tts:o foguete"
"corpo-roupas","1","olho","Olho","assets/imagens/corpo-roupas/n1_olho.png","True","placeholder","assets/sons/corpo-roupas/n1_olho.mp3","False","tts:Olho"
"corpo-roupas","1","boca","Boca","assets/imagens/corpo-roupas/n1_boca.png","True","placeholder","assets/sons/corpo-roupas/n1_boca.mp3","False","tts:Boca"
"corpo-roupas","1","nariz","Nariz","assets/imagens/corpo-roupas/n1_nariz.png","True","placeholder","assets/sons/corpo-roupas/n1_nariz.mp3","False","tts:Nariz"
"corpo-roupas","1","mao","Mao","assets/imagens/corpo-roupas/n1_mao.png","True","placeholder","assets/sons/corpo-roupas/n1_mao.mp3","False","tts:Mao"
"corpo-roupas","1","pe","Pe","assets/imagens/corpo-roupas/n1_pe.png","True","placeholder","assets/sons/corpo-roupas/n1_pe.mp3","False","tts:Pe"
"corpo-roupas","1","dedo","Dedo","assets/imagens/corpo-roupas/n1_dedo.png","True","placeholder","assets/sons/corpo-roupas/n1_dedo.mp3","False","tts:Dedo"
"corpo-roupas","1","braco","Braco","assets/imagens/corpo-roupas/n1_braco.png","True","placeholder","assets/sons/corpo-roupas/n1_braco.mp3","False","tts:Braco"
"corpo-roupas","1","unha","Unha","assets/imagens/corpo-roupas/n1_unha.png","True","placeholder","assets/sons/corpo-roupas/n1_unha.mp3","False","tts:Unha"
"corpo-roupas","1","calca","Calca","assets/imagens/corpo-roupas/n1_calca.png","True","placeholder","assets/sons/corpo-roupas/n1_calca.mp3","False","tts:Calca"
"corpo-roupas","1","saia","Saia","assets/imagens/corpo-roupas/n1_saia.png","True","placeholder","assets/sons/corpo-roupas/n1_saia.mp3","False","tts:Saia"
"corpo-roupas","1","meia","Meia","assets/imagens/corpo-roupas/n1_meia.png","True","placeholder","assets/sons/corpo-roupas/n1_meia.mp3","False","tts:Meia"
"corpo-roupas","1","dente","Dente","assets/imagens/corpo-roupas/n1_dente.png","True","placeholder","assets/sons/corpo-roupas/n1_dente.mp3","False","tts:Dente"
"corpo-roupas","2","cabelo","Cabelo","assets/imagens/corpo-roupas/n2_cabelo.png","True","placeholder","assets/sons/corpo-roupas/n2_cabelo.mp3","False","tts:Cabelo"
"corpo-roupas","2","cabeca","Cabeca","assets/imagens/corpo-roupas/n2_cabeca.png","True","placeholder","assets/sons/corpo-roupas/n2_cabeca.mp3","False","tts:Cabeca"
"corpo-roupas","2","sapato","Sapato","assets/imagens/corpo-roupas/n2_sapato.png","True","placeholder","assets/sons/corpo-roupas/n2_sapato.mp3","False","tts:Sapato"
"corpo-roupas","2","camisa","Camisa","assets/imagens/corpo-roupas/n2_camisa.png","True","placeholder","assets/sons/corpo-roupas/n2_camisa.mp3","False","tts:Camisa"
"corpo-roupas","2","vestido","Vestido","assets/imagens/corpo-roupas/n2_vestido.png","True","placeholder","assets/sons/corpo-roupas/n2_vestido.mp3","False","tts:Vestido"
"corpo-roupas","2","chapeu","Chapeu","assets/imagens/corpo-roupas/n2_chapeu.png","True","placeholder","assets/sons/corpo-roupas/n2_chapeu.mp3","False","tts:Chapeu"
"corpo-roupas","2","ombro","Ombro","assets/imagens/corpo-roupas/n2_ombro.png","True","placeholder","assets/sons/corpo-roupas/n2_ombro.mp3","False","tts:Ombro"
"corpo-roupas","2","cotovelo","Cotovelo","assets/imagens/corpo-roupas/n2_cotovelo.png","True","placeholder","assets/sons/corpo-roupas/n2_cotovelo.mp3","False","tts:Cotovelo"
"corpo-roupas","2","joelho","Joelho","assets/imagens/corpo-roupas/n2_joelho.png","True","placeholder","assets/sons/corpo-roupas/n2_joelho.mp3","False","tts:Joelho"
"corpo-roupas","2","gravata","Gravata","assets/imagens/corpo-roupas/n2_gravata.png","True","placeholder","assets/sons/corpo-roupas/n2_gravata.mp3","False","tts:Gravata"
"corpo-roupas","2","blusa","Blusa","assets/imagens/corpo-roupas/n2_blusa.png","True","placeholder","assets/sons/corpo-roupas/n2_blusa.mp3","False","tts:Blusa"
"corpo-roupas","2","bermuda","Bermuda","assets/imagens/corpo-roupas/n2_bermuda.png","True","placeholder","assets/sons/corpo-roupas/n2_bermuda.mp3","False","tts:Bermuda"
"corpo-roupas","3","oculos","Oculos","assets/imagens/corpo-roupas/n3_oculos.png","True","placeholder","assets/sons/corpo-roupas/n3_oculos.mp3","False","tts:Oculos"
"corpo-roupas","3","pijama","Pijama","assets/imagens/corpo-roupas/n3_pijama.png","True","placeholder","assets/sons/corpo-roupas/n3_pijama.mp3","False","tts:Pijama"
"corpo-roupas","3","macacao","Macacao","assets/imagens/corpo-roupas/n3_macacao.png","True","placeholder","assets/sons/corpo-roupas/n3_macacao.mp3","False","tts:Macacao"
"corpo-roupas","3","jardineira","Jardineira","assets/imagens/corpo-roupas/n3_jardineira.png","True","placeholder","assets/sons/corpo-roupas/n3_jardineira.mp3","False","tts:Jardineira"
"corpo-roupas","3","sobretudo","Sobretudo","assets/imagens/corpo-roupas/n3_sobretudo.png","True","placeholder","assets/sons/corpo-roupas/n3_sobretudo.mp3","False","tts:Sobretudo"
"corpo-roupas","3","moletom","Moletom","assets/imagens/corpo-roupas/n3_moletom.png","True","placeholder","assets/sons/corpo-roupas/n3_moletom.mp3","False","tts:Moletom"
"corpo-roupas","3","agasalho","Agasalho","assets/imagens/corpo-roupas/n3_agasalho.png","True","placeholder","assets/sons/corpo-roupas/n3_agasalho.mp3","False","tts:Agasalho"
"corpo-roupas","3","uniforme","Uniforme","assets/imagens/corpo-roupas/n3_uniforme.png","True","placeholder","assets/sons/corpo-roupas/n3_uniforme.mp3","False","tts:Uniforme"
"corpo-roupas","3","sandalias","Sandalias","assets/imagens/corpo-roupas/n3_sandalias.png","True","placeholder","assets/sons/corpo-roupas/n3_sandalias.mp3","False","tts:Sandalias"
"corpo-roupas","3","chinelo","Chinelo","assets/imagens/corpo-roupas/n3_chinelo.png","True","placeholder","assets/sons/corpo-roupas/n3_chinelo.mp3","False","tts:Chinelo"
"corpo-roupas","4","olho","Olho","assets/imagens/corpo-roupas/n4_olho.png","True","placeholder","assets/sons/corpo-roupas/n4_olho.mp3","False","tts:o olho"
"corpo-roupas","4","boca","Boca","assets/imagens/corpo-roupas/n4_boca.png","True","placeholder","assets/sons/corpo-roupas/n4_boca.mp3","False","tts:a boca"
"corpo-roupas","4","mao","Mao","assets/imagens/corpo-roupas/n4_mao.png","True","placeholder","assets/sons/corpo-roupas/n4_mao.mp3","False","tts:a mao"
"corpo-roupas","4","pe","Pe","assets/imagens/corpo-roupas/n4_pe.png","True","placeholder","assets/sons/corpo-roupas/n4_pe.mp3","False","tts:o pe"
"corpo-roupas","4","sapato","Sapato","assets/imagens/corpo-roupas/n4_sapato.png","True","placeholder","assets/sons/corpo-roupas/n4_sapato.mp3","False","tts:o sapato"
"corpo-roupas","4","camisa","Camisa","assets/imagens/corpo-roupas/n4_camisa.png","True","placeholder","assets/sons/corpo-roupas/n4_camisa.mp3","False","tts:a camisa"
"corpo-roupas","4","chapeu","Chapeu","assets/imagens/corpo-roupas/n4_chapeu.png","True","placeholder","assets/sons/corpo-roupas/n4_chapeu.mp3","False","tts:o chapeu"
"corpo-roupas","4","vestido","Vestido","assets/imagens/corpo-roupas/n4_vestido.png","True","placeholder","assets/sons/corpo-roupas/n4_vestido.mp3","False","tts:o vestido"
"corpo-roupas","4","calca","Calca","assets/imagens/corpo-roupas/n4_calca.png","True","placeholder","assets/sons/corpo-roupas/n4_calca.mp3","False","tts:a calca"
"corpo-roupas","4","saia","Saia","assets/imagens/corpo-roupas/n4_saia.png","True","placeholder","assets/sons/corpo-roupas/n4_saia.mp3","False","tts:a saia"
"natureza","1","sol","Sol","assets/imagens/natureza/n1_sol.png","True","placeholder","assets/sons/natureza/n1_sol.mp3","False","tts:Sol"
"natureza","1","lua","Lua","assets/imagens/natureza/n1_lua.png","True","placeholder","assets/sons/natureza/n1_lua.mp3","False","tts:Lua"
"natureza","1","mar","Mar","assets/imagens/natureza/n1_mar.png","True","placeholder","assets/sons/natureza/n1_mar.mp3","False","tts:Mar"
"natureza","1","rio","Rio","assets/imagens/natureza/n1_rio.png","True","placeholder","assets/sons/natureza/n1_rio.mp3","False","tts:Rio"
"natureza","1","flor","Flor","assets/imagens/natureza/n1_flor.png","True","placeholder","assets/sons/natureza/n1_flor.mp3","False","tts:Flor"
"natureza","1","chuva","Chuva","assets/imagens/natureza/n1_chuva.png","True","placeholder","assets/sons/natureza/n1_chuva.mp3","False","tts:Chuva"
"natureza","1","vento","Vento","assets/imagens/natureza/n1_vento.png","True","placeholder","assets/sons/natureza/n1_vento.mp3","False","tts:Vento"
"natureza","1","fogo","Fogo","assets/imagens/natureza/n1_fogo.png","True","placeholder","assets/sons/natureza/n1_fogo.mp3","False","tts:Fogo"
"natureza","1","agua","Agua","assets/imagens/natureza/n1_agua.png","True","placeholder","assets/sons/natureza/n1_agua.mp3","False","tts:Agua"
"natureza","1","pedra","Pedra","assets/imagens/natureza/n1_pedra.png","True","placeholder","assets/sons/natureza/n1_pedra.mp3","False","tts:Pedra"
"natureza","1","ceu","Ceu","assets/imagens/natureza/n1_ceu.png","True","placeholder","assets/sons/natureza/n1_ceu.mp3","False","tts:Ceu"
"natureza","1","monte","Monte","assets/imagens/natureza/n1_monte.png","True","placeholder","assets/sons/natureza/n1_monte.mp3","False","tts:Monte"
"natureza","2","arvore","Arvore","assets/imagens/natureza/n2_arvore.png","True","placeholder","assets/sons/natureza/n2_arvore.mp3","False","tts:Arvore"
"natureza","2","estrela","Estrela","assets/imagens/natureza/n2_estrela.png","True","placeholder","assets/sons/natureza/n2_estrela.mp3","False","tts:Estrela"
"natureza","2","nuvem","Nuvem","assets/imagens/natureza/n2_nuvem.png","True","placeholder","assets/sons/natureza/n2_nuvem.mp3","False","tts:Nuvem"
"natureza","2","montanha","Montanha","assets/imagens/natureza/n2_montanha.png","True","placeholder","assets/sons/natureza/n2_montanha.mp3","False","tts:Montanha"
"natureza","2","jardim","Jardim","assets/imagens/natureza/n2_jardim.png","True","placeholder","assets/sons/natureza/n2_jardim.mp3","False","tts:Jardim"
"natureza","2","floresta","Floresta","assets/imagens/natureza/n2_floresta.png","True","placeholder","assets/sons/natureza/n2_floresta.mp3","False","tts:Floresta"
"natureza","2","vulcao","Vulcao","assets/imagens/natureza/n2_vulcao.png","True","placeholder","assets/sons/natureza/n2_vulcao.mp3","False","tts:Vulcao"
"natureza","2","semente","Semente","assets/imagens/natureza/n2_semente.png","True","placeholder","assets/sons/natureza/n2_semente.mp3","False","tts:Semente"
"natureza","2","galho","Galho","assets/imagens/natureza/n2_galho.png","True","placeholder","assets/sons/natureza/n2_galho.mp3","False","tts:Galho"
"natureza","2","espinho","Espinho","assets/imagens/natureza/n2_espinho.png","True","placeholder","assets/sons/natureza/n2_espinho.mp3","False","tts:Espinho"
"natureza","2","cascata","Cascata","assets/imagens/natureza/n2_cascata.png","True","placeholder","assets/sons/natureza/n2_cascata.mp3","False","tts:Cascata"
"natureza","2","nascente","Nascente","assets/imagens/natureza/n2_nascente.png","True","placeholder","assets/sons/natureza/n2_nascente.mp3","False","tts:Nascente"
"natureza","3","arco-iris","Arco-iris","assets/imagens/natureza/n3_arco-iris.png","True","placeholder","assets/sons/natureza/n3_arco-iris.mp3","False","tts:Arco-iris"
"natureza","3","cachoeira","Cachoeira","assets/imagens/natureza/n3_cachoeira.png","True","placeholder","assets/sons/natureza/n3_cachoeira.mp3","False","tts:Cachoeira"
"natureza","3","tempestade","Tempestade","assets/imagens/natureza/n3_tempestade.png","True","placeholder","assets/sons/natureza/n3_tempestade.mp3","False","tts:Tempestade"
"natureza","3","deserto","Deserto","assets/imagens/natureza/n3_deserto.png","True","placeholder","assets/sons/natureza/n3_deserto.mp3","False","tts:Deserto"
"natureza","3","por-do-sol","Por-do-sol","assets/imagens/natureza/n3_por-do-sol.png","True","placeholder","assets/sons/natureza/n3_por-do-sol.mp3","False","tts:Por-do-sol"
"natureza","3","vegetacao","Vegetacao","assets/imagens/natureza/n3_vegetacao.png","True","placeholder","assets/sons/natureza/n3_vegetacao.mp3","False","tts:Vegetacao"
"natureza","3","planicie","Planicie","assets/imagens/natureza/n3_planicie.png","True","placeholder","assets/sons/natureza/n3_planicie.mp3","False","tts:Planicie"
"natureza","3","penhasco","Penhasco","assets/imagens/natureza/n3_penhasco.png","True","placeholder","assets/sons/natureza/n3_penhasco.mp3","False","tts:Penhasco"
"natureza","3","oceano","Oceano","assets/imagens/natureza/n3_oceano.png","True","placeholder","assets/sons/natureza/n3_oceano.mp3","False","tts:Oceano"
"natureza","3","lagoa","Lagoa","assets/imagens/natureza/n3_lagoa.png","True","placeholder","assets/sons/natureza/n3_lagoa.mp3","False","tts:Lagoa"
"natureza","4","sol","Sol","assets/imagens/natureza/n4_sol.png","True","placeholder","assets/sons/natureza/n4_sol.mp3","False","tts:o sol"
"natureza","4","lua","Lua","assets/imagens/natureza/n4_lua.png","True","placeholder","assets/sons/natureza/n4_lua.mp3","False","tts:a lua"
"natureza","4","flor","Flor","assets/imagens/natureza/n4_flor.png","True","placeholder","assets/sons/natureza/n4_flor.mp3","False","tts:a flor"
"natureza","4","chuva","Chuva","assets/imagens/natureza/n4_chuva.png","True","placeholder","assets/sons/natureza/n4_chuva.mp3","False","tts:a chuva"
"natureza","4","arvore","Arvore","assets/imagens/natureza/n4_arvore.png","True","placeholder","assets/sons/natureza/n4_arvore.mp3","False","tts:a arvore"
"natureza","4","estrela","Estrela","assets/imagens/natureza/n4_estrela.png","True","placeholder","assets/sons/natureza/n4_estrela.mp3","False","tts:a estrela"
"natureza","4","montanha","Montanha","assets/imagens/natureza/n4_montanha.png","True","placeholder","assets/sons/natureza/n4_montanha.mp3","False","tts:a montanha"
"natureza","4","cachoeira","Cachoeira","assets/imagens/natureza/n4_cachoeira.png","True","placeholder","assets/sons/natureza/n4_cachoeira.mp3","False","tts:a cachoeira"
"natureza","4","floresta","Floresta","assets/imagens/natureza/n4_floresta.png","True","placeholder","assets/sons/natureza/n4_floresta.mp3","False","tts:a floresta"
"natureza","4","arco-iris","Arco-iris","assets/imagens/natureza/n4_arco-iris.png","True","placeholder","assets/sons/natureza/n4_arco-iris.mp3","False","tts:o arco-iris"
"brinquedos","1","bola","Bola","assets/imagens/brinquedos/n1_bola.png","True","placeholder","assets/sons/brinquedos/n1_bola.mp3","False","tts:Bola"
"brinquedos","1","piao","Piao","assets/imagens/brinquedos/n1_piao.png","True","placeholder","assets/sons/brinquedos/n1_piao.mp3","False","tts:Piao"
"brinquedos","1","dado","Dado","assets/imagens/brinquedos/n1_dado.png","True","placeholder","assets/sons/brinquedos/n1_dado.mp3","False","tts:Dado"
"brinquedos","1","peteca","Peteca","assets/imagens/brinquedos/n1_peteca.png","True","placeholder","assets/sons/brinquedos/n1_peteca.mp3","False","tts:Peteca"
"brinquedos","1","pipa","Pipa","assets/imagens/brinquedos/n1_pipa.png","True","placeholder","assets/sons/brinquedos/n1_pipa.mp3","False","tts:Pipa"
"brinquedos","1","corda","Corda","assets/imagens/brinquedos/n1_corda.png","True","placeholder","assets/sons/brinquedos/n1_corda.mp3","False","tts:Corda"
"brinquedos","1","bloco","Bloco","assets/imagens/brinquedos/n1_bloco.png","True","placeholder","assets/sons/brinquedos/n1_bloco.mp3","False","tts:Bloco"
"brinquedos","1","patins","Patins","assets/imagens/brinquedos/n1_patins.png","True","placeholder","assets/sons/brinquedos/n1_patins.mp3","False","tts:Patins"
"brinquedos","1","balao","Balao","assets/imagens/brinquedos/n1_balao.png","True","placeholder","assets/sons/brinquedos/n1_balao.mp3","False","tts:Balao"
"brinquedos","1","ioio","Ioio","assets/imagens/brinquedos/n1_ioio.png","True","placeholder","assets/sons/brinquedos/n1_ioio.mp3","False","tts:Ioio"
"brinquedos","1","sino","Sino","assets/imagens/brinquedos/n1_sino.png","True","placeholder","assets/sons/brinquedos/n1_sino.mp3","False","tts:Sino"
"brinquedos","1","apito","Apito","assets/imagens/brinquedos/n1_apito.png","True","placeholder","assets/sons/brinquedos/n1_apito.mp3","False","tts:Apito"
"brinquedos","2","boneca","Boneca","assets/imagens/brinquedos/n2_boneca.png","True","placeholder","assets/sons/brinquedos/n2_boneca.mp3","False","tts:Boneca"
"brinquedos","2","carrinho","Carrinho","assets/imagens/brinquedos/n2_carrinho.png","True","placeholder","assets/sons/brinquedos/n2_carrinho.mp3","False","tts:Carrinho"
"brinquedos","2","fantoche","Fantoche","assets/imagens/brinquedos/n2_fantoche.png","True","placeholder","assets/sons/brinquedos/n2_fantoche.mp3","False","tts:Fantoche"
"brinquedos","2","ursinho","Ursinho","assets/imagens/brinquedos/n2_ursinho.png","True","placeholder","assets/sons/brinquedos/n2_ursinho.mp3","False","tts:Ursinho"
"brinquedos","2","domino","Domino","assets/imagens/brinquedos/n2_domino.png","True","placeholder","assets/sons/brinquedos/n2_domino.mp3","False","tts:Domino"
"brinquedos","2","tambor","Tambor","assets/imagens/brinquedos/n2_tambor.png","True","placeholder","assets/sons/brinquedos/n2_tambor.mp3","False","tts:Tambor"
"brinquedos","2","balanco","Balanco","assets/imagens/brinquedos/n2_balanco.png","True","placeholder","assets/sons/brinquedos/n2_balanco.mp3","False","tts:Balanco"
"brinquedos","2","gangorra","Gangorra","assets/imagens/brinquedos/n2_gangorra.png","True","placeholder","assets/sons/brinquedos/n2_gangorra.mp3","False","tts:Gangorra"
"brinquedos","2","cavalinho","Cavalinho","assets/imagens/brinquedos/n2_cavalinho.png","True","placeholder","assets/sons/brinquedos/n2_cavalinho.mp3","False","tts:Cavalinho"
"brinquedos","2","escorrega","Escorrega","assets/imagens/brinquedos/n2_escorrega.png","True","placeholder","assets/sons/brinquedos/n2_escorrega.mp3","False","tts:Escorrega"
"brinquedos","2","gira-gira","Gira-gira","assets/imagens/brinquedos/n2_gira-gira.png","True","placeholder","assets/sons/brinquedos/n2_gira-gira.mp3","False","tts:Gira-gira"
"brinquedos","2","quebra-cabeca","Quebra-cabeca","assets/imagens/brinquedos/n2_quebra-cabeca.png","True","placeholder","assets/sons/brinquedos/n2_quebra-cabeca.mp3","False","tts:Quebra-cabeca"
"brinquedos","3","escorregador","Escorregador","assets/imagens/brinquedos/n3_escorregador.png","True","placeholder","assets/sons/brinquedos/n3_escorregador.mp3","False","tts:Escorregador"
"brinquedos","3","velocipede","Velocipede","assets/imagens/brinquedos/n3_velocipede.png","True","placeholder","assets/sons/brinquedos/n3_velocipede.mp3","False","tts:Velocipede"
"brinquedos","3","videogame","Videogame","assets/imagens/brinquedos/n3_videogame.png","True","placeholder","assets/sons/brinquedos/n3_videogame.mp3","False","tts:Videogame"
"brinquedos","3","patinete","Patinete","assets/imagens/brinquedos/n3_patinete.png","True","placeholder","assets/sons/brinquedos/n3_patinete.mp3","False","tts:Patinete"
"brinquedos","3","aeromodelo","Aeromodelo","assets/imagens/brinquedos/n3_aeromodelo.png","True","placeholder","assets/sons/brinquedos/n3_aeromodelo.mp3","False","tts:Aeromodelo"
"brinquedos","3","trenzinho","Trenzinho","assets/imagens/brinquedos/n3_trenzinho.png","True","placeholder","assets/sons/brinquedos/n3_trenzinho.mp3","False","tts:Trenzinho"
"brinquedos","3","bonecao","Bonecao","assets/imagens/brinquedos/n3_bonecao.png","True","placeholder","assets/sons/brinquedos/n3_bonecao.mp3","False","tts:Bonecao"
"brinquedos","3","pula-pula","Pula-pula","assets/imagens/brinquedos/n3_pula-pula.png","True","placeholder","assets/sons/brinquedos/n3_pula-pula.mp3","False","tts:Pula-pula"
"brinquedos","3","bolinha-de-gude","Bolinha-de-gude","assets/imagens/brinquedos/n3_bolinha-de-gude.png","True","placeholder","assets/sons/brinquedos/n3_bolinha-de-gude.mp3","False","tts:Bolinha-de-gude"
"brinquedos","3","barco-controle","Barco-controle","assets/imagens/brinquedos/n3_barco-controle.png","True","placeholder","assets/sons/brinquedos/n3_barco-controle.mp3","False","tts:Barco-controle"
"brinquedos","4","bola","Bola","assets/imagens/brinquedos/n4_bola.png","True","placeholder","assets/sons/brinquedos/n4_bola.mp3","False","tts:a bola"
"brinquedos","4","boneca","Boneca","assets/imagens/brinquedos/n4_boneca.png","True","placeholder","assets/sons/brinquedos/n4_boneca.mp3","False","tts:a boneca"
"brinquedos","4","carrinho","Carrinho","assets/imagens/brinquedos/n4_carrinho.png","True","placeholder","assets/sons/brinquedos/n4_carrinho.mp3","False","tts:o carrinho"
"brinquedos","4","ursinho","Ursinho","assets/imagens/brinquedos/n4_ursinho.png","True","placeholder","assets/sons/brinquedos/n4_ursinho.mp3","False","tts:o ursinho"
"brinquedos","4","pipa","Pipa","assets/imagens/brinquedos/n4_pipa.png","True","placeholder","assets/sons/brinquedos/n4_pipa.mp3","False","tts:a pipa"
"brinquedos","4","peteca","Peteca","assets/imagens/brinquedos/n4_peteca.png","True","placeholder","assets/sons/brinquedos/n4_peteca.mp3","False","tts:a peteca"
"brinquedos","4","tambor","Tambor","assets/imagens/brinquedos/n4_tambor.png","True","placeholder","assets/sons/brinquedos/n4_tambor.mp3","False","tts:o tambor"
"brinquedos","4","domino","Domino","assets/imagens/brinquedos/n4_domino.png","True","placeholder","assets/sons/brinquedos/n4_domino.mp3","False","tts:o domino"
"brinquedos","4","balao","Balao","assets/imagens/brinquedos/n4_balao.png","True","placeholder","assets/sons/brinquedos/n4_balao.mp3","False","tts:o balao"
"brinquedos","4","fantoche","Fantoche","assets/imagens/brinquedos/n4_fantoche.png","True","placeholder","assets/sons/brinquedos/n4_fantoche.mp3","False","tts:o fantoche"
"familia-pessoas","1","mae","Mae","assets/imagens/familia-pessoas/n1_mae.png","True","placeholder","assets/sons/familia-pessoas/n1_mae.mp3","False","tts:Mae"
"familia-pessoas","1","pai","Pai","assets/imagens/familia-pessoas/n1_pai.png","True","placeholder","assets/sons/familia-pessoas/n1_pai.mp3","False","tts:Pai"
"familia-pessoas","1","vo","Vo","assets/imagens/familia-pessoas/n1_vo.png","True","placeholder","assets/sons/familia-pessoas/n1_vo.mp3","False","tts:Vo"
"familia-pessoas","1","vo-2","Vo","assets/imagens/familia-pessoas/n1_vo-2.png","True","placeholder","assets/sons/familia-pessoas/n1_vo-2.mp3","False","tts:Vo"
"familia-pessoas","1","tia","Tia","assets/imagens/familia-pessoas/n1_tia.png","True","placeholder","assets/sons/familia-pessoas/n1_tia.mp3","False","tts:Tia"
"familia-pessoas","1","tio","Tio","assets/imagens/familia-pessoas/n1_tio.png","True","placeholder","assets/sons/familia-pessoas/n1_tio.mp3","False","tts:Tio"
"familia-pessoas","1","bebe","Bebe","assets/imagens/familia-pessoas/n1_bebe.png","True","placeholder","assets/sons/familia-pessoas/n1_bebe.mp3","False","tts:Bebe"
"familia-pessoas","1","avo","Avo","assets/imagens/familia-pessoas/n1_avo.png","True","placeholder","assets/sons/familia-pessoas/n1_avo.mp3","False","tts:Avo"
"familia-pessoas","1","avo-2","Avo","assets/imagens/familia-pessoas/n1_avo-2.png","True","placeholder","assets/sons/familia-pessoas/n1_avo-2.mp3","False","tts:Avo"
"familia-pessoas","1","primo","Primo","assets/imagens/familia-pessoas/n1_primo.png","True","placeholder","assets/sons/familia-pessoas/n1_primo.mp3","False","tts:Primo"
"familia-pessoas","1","filho","Filho","assets/imagens/familia-pessoas/n1_filho.png","True","placeholder","assets/sons/familia-pessoas/n1_filho.mp3","False","tts:Filho"
"familia-pessoas","1","neto","Neto","assets/imagens/familia-pessoas/n1_neto.png","True","placeholder","assets/sons/familia-pessoas/n1_neto.mp3","False","tts:Neto"
"familia-pessoas","2","irmao","Irmao","assets/imagens/familia-pessoas/n2_irmao.png","True","placeholder","assets/sons/familia-pessoas/n2_irmao.mp3","False","tts:Irmao"
"familia-pessoas","2","irma","Irma","assets/imagens/familia-pessoas/n2_irma.png","True","placeholder","assets/sons/familia-pessoas/n2_irma.mp3","False","tts:Irma"
"familia-pessoas","2","amigo","Amigo","assets/imagens/familia-pessoas/n2_amigo.png","True","placeholder","assets/sons/familia-pessoas/n2_amigo.mp3","False","tts:Amigo"
"familia-pessoas","2","vizinho","Vizinho","assets/imagens/familia-pessoas/n2_vizinho.png","True","placeholder","assets/sons/familia-pessoas/n2_vizinho.mp3","False","tts:Vizinho"
"familia-pessoas","2","medico","Medico","assets/imagens/familia-pessoas/n2_medico.png","True","placeholder","assets/sons/familia-pessoas/n2_medico.mp3","False","tts:Medico"
"familia-pessoas","2","bombeiro","Bombeiro","assets/imagens/familia-pessoas/n2_bombeiro.png","True","placeholder","assets/sons/familia-pessoas/n2_bombeiro.mp3","False","tts:Bombeiro"
"familia-pessoas","2","pintor","Pintor","assets/imagens/familia-pessoas/n2_pintor.png","True","placeholder","assets/sons/familia-pessoas/n2_pintor.mp3","False","tts:Pintor"
"familia-pessoas","2","carteiro","Carteiro","assets/imagens/familia-pessoas/n2_carteiro.png","True","placeholder","assets/sons/familia-pessoas/n2_carteiro.mp3","False","tts:Carteiro"
"familia-pessoas","2","dentista","Dentista","assets/imagens/familia-pessoas/n2_dentista.png","True","placeholder","assets/sons/familia-pessoas/n2_dentista.mp3","False","tts:Dentista"
"familia-pessoas","2","pedreiro","Pedreiro","assets/imagens/familia-pessoas/n2_pedreiro.png","True","placeholder","assets/sons/familia-pessoas/n2_pedreiro.mp3","False","tts:Pedreiro"
"familia-pessoas","2","motorista","Motorista","assets/imagens/familia-pessoas/n2_motorista.png","True","placeholder","assets/sons/familia-pessoas/n2_motorista.mp3","False","tts:Motorista"
"familia-pessoas","2","professor","Professor","assets/imagens/familia-pessoas/n2_professor.png","True","placeholder","assets/sons/familia-pessoas/n2_professor.mp3","False","tts:Professor"
"familia-pessoas","3","veterinario","Veterinario","assets/imagens/familia-pessoas/n3_veterinario.png","True","placeholder","assets/sons/familia-pessoas/n3_veterinario.mp3","False","tts:Veterinario"
"familia-pessoas","3","cabeleireiro","Cabeleireiro","assets/imagens/familia-pessoas/n3_cabeleireiro.png","True","placeholder","assets/sons/familia-pessoas/n3_cabeleireiro.mp3","False","tts:Cabeleireiro"
"familia-pessoas","3","advogado","Advogado","assets/imagens/familia-pessoas/n3_advogado.png","True","placeholder","assets/sons/familia-pessoas/n3_advogado.mp3","False","tts:Advogado"
"familia-pessoas","3","engenheiro","Engenheiro","assets/imagens/familia-pessoas/n3_engenheiro.png","True","placeholder","assets/sons/familia-pessoas/n3_engenheiro.mp3","False","tts:Engenheiro"
"familia-pessoas","3","arquiteto","Arquiteto","assets/imagens/familia-pessoas/n3_arquiteto.png","True","placeholder","assets/sons/familia-pessoas/n3_arquiteto.mp3","False","tts:Arquiteto"
"familia-pessoas","3","fisioterapeuta","Fisioterapeuta","assets/imagens/familia-pessoas/n3_fisioterapeuta.png","True","placeholder","assets/sons/familia-pessoas/n3_fisioterapeuta.mp3","False","tts:Fisioterapeuta"
"familia-pessoas","3","nutricionista","Nutricionista","assets/imagens/familia-pessoas/n3_nutricionista.png","True","placeholder","assets/sons/familia-pessoas/n3_nutricionista.mp3","False","tts:Nutricionista"
"familia-pessoas","3","farmaceutico","Farmaceutico","assets/imagens/familia-pessoas/n3_farmaceutico.png","True","placeholder","assets/sons/familia-pessoas/n3_farmaceutico.mp3","False","tts:Farmaceutico"
"familia-pessoas","3","jornalista","Jornalista","assets/imagens/familia-pessoas/n3_jornalista.png","True","placeholder","assets/sons/familia-pessoas/n3_jornalista.mp3","False","tts:Jornalista"
"familia-pessoas","3","astronauta","Astronauta","assets/imagens/familia-pessoas/n3_astronauta.png","True","placeholder","assets/sons/familia-pessoas/n3_astronauta.mp3","False","tts:Astronauta"
"familia-pessoas","4","mae","Mae","assets/imagens/familia-pessoas/n4_mae.png","True","placeholder","assets/sons/familia-pessoas/n4_mae.mp3","False","tts:a mae"
"familia-pessoas","4","pai","Pai","assets/imagens/familia-pessoas/n4_pai.png","True","placeholder","assets/sons/familia-pessoas/n4_pai.mp3","False","tts:o pai"
"familia-pessoas","4","bebe","Bebe","assets/imagens/familia-pessoas/n4_bebe.png","True","placeholder","assets/sons/familia-pessoas/n4_bebe.mp3","False","tts:o bebe"
"familia-pessoas","4","irmao","Irmao","assets/imagens/familia-pessoas/n4_irmao.png","True","placeholder","assets/sons/familia-pessoas/n4_irmao.mp3","False","tts:o irmao"
"familia-pessoas","4","amigo","Amigo","assets/imagens/familia-pessoas/n4_amigo.png","True","placeholder","assets/sons/familia-pessoas/n4_amigo.mp3","False","tts:o amigo"
"familia-pessoas","4","medico","Medico","assets/imagens/familia-pessoas/n4_medico.png","True","placeholder","assets/sons/familia-pessoas/n4_medico.mp3","False","tts:o medico"
"familia-pessoas","4","bombeiro","Bombeiro","assets/imagens/familia-pessoas/n4_bombeiro.png","True","placeholder","assets/sons/familia-pessoas/n4_bombeiro.mp3","False","tts:o bombeiro"
"familia-pessoas","4","professor","Professor","assets/imagens/familia-pessoas/n4_professor.png","True","placeholder","assets/sons/familia-pessoas/n4_professor.mp3","False","tts:o professor"
"familia-pessoas","4","professora","Professora","assets/imagens/familia-pessoas/n4_professora.png","True","placeholder","assets/sons/familia-pessoas/n4_professora.mp3","False","tts:a professora"
"familia-pessoas","4","veterinario","Veterinario","assets/imagens/familia-pessoas/n4_veterinario.png","True","placeholder","assets/sons/familia-pessoas/n4_veterinario.mp3","False","tts:o veterinario"
